{"version":2,"donnees":[{"typePlanteId":"34","forme":"ellipse","x":119.1999969482422,"y":167.99999999999997,"width":276,"height":263.0000000000001},{"typePlanteId":"48","forme":"ellipse","x":328.1999969482422,"y":423.0000000000001,"width":140,"height":137}],"view":{"centerX":339.1000061035156,"centerY":361.00000000000006,"zoom":1}}